{
    "bindings": [
        {
            "font": "{04eb2b74-c7a0-4f1d-82fa-2dac71c26088}",
            "language": "{33fe2d49-2a48-4734-a91f-876d8a20508f}",
            "string": "{371af304-a908-467b-ab7c-8ebd650a5cd7}"
        },
        {
            "font": "{04eb2b74-c7a0-4f1d-82fa-2dac71c26088}",
            "language": "{33fe2d49-2a48-4734-a91f-876d8a20508f}",
            "string": "{3c04dfa6-9d4d-416c-8ed3-d8452e297850}"
        },
        {
            "font": "{04eb2b74-c7a0-4f1d-82fa-2dac71c26088}",
            "language": "{33fe2d49-2a48-4734-a91f-876d8a20508f}",
            "string": "{85bc1f19-dbd8-4148-bcd4-40b5602fe52d}"
        }
    ],
    "defaultLanguage": "{33fe2d49-2a48-4734-a91f-876d8a20508f}",
    "encoding": "ASCII",
    "languages": [
        {
            "properties": {
                "__categories": [
                ],
                "__groups": [
                ],
                "enabled": {
                    "enabled": true,
                    "type": "boolean",
                    "value": true,
                    "visible": true
                },
                "id": {
                    "enabled": true,
                    "type": "uuid",
                    "value": "{33fe2d49-2a48-4734-a91f-876d8a20508f}",
                    "visible": true
                },
                "name": {
                    "enabled": true,
                    "type": "text",
                    "value": "Default",
                    "visible": true
                }
            }
        }
    ],
    "paths": [
    ],
    "strings": [
        {
            "properties": {
                "__categories": [
                ],
                "__groups": [
                ],
                "description": {
                    "enabled": true,
                    "type": "text",
                    "value": "",
                    "visible": true
                },
                "id": {
                    "enabled": true,
                    "type": "uuid",
                    "value": "{371af304-a908-467b-ab7c-8ebd650a5cd7}",
                    "visible": true
                },
                "name": {
                    "enabled": true,
                    "type": "text",
                    "value": "Fast",
                    "visible": true
                },
                "path": {
                    "enabled": true,
                    "type": "text",
                    "value": "/",
                    "visible": true
                }
            },
            "values": [
                {
                    "language": "{33fe2d49-2a48-4734-a91f-876d8a20508f}",
                    "value": "Fast."
                }
            ]
        },
        {
            "properties": {
                "__categories": [
                ],
                "__groups": [
                ],
                "description": {
                    "enabled": true,
                    "type": "text",
                    "value": "",
                    "visible": true
                },
                "id": {
                    "enabled": true,
                    "type": "uuid",
                    "value": "{3c04dfa6-9d4d-416c-8ed3-d8452e297850}",
                    "visible": true
                },
                "name": {
                    "enabled": true,
                    "type": "text",
                    "value": "Easy",
                    "visible": true
                },
                "path": {
                    "enabled": true,
                    "type": "text",
                    "value": "/",
                    "visible": true
                }
            },
            "values": [
                {
                    "language": "{33fe2d49-2a48-4734-a91f-876d8a20508f}",
                    "value": "Easy."
                }
            ]
        },
        {
            "properties": {
                "__categories": [
                ],
                "__groups": [
                ],
                "description": {
                    "enabled": true,
                    "type": "text",
                    "value": "",
                    "visible": true
                },
                "id": {
                    "enabled": true,
                    "type": "uuid",
                    "value": "{85bc1f19-dbd8-4148-bcd4-40b5602fe52d}",
                    "visible": true
                },
                "name": {
                    "enabled": true,
                    "type": "text",
                    "value": "Smart",
                    "visible": true
                },
                "path": {
                    "enabled": true,
                    "type": "text",
                    "value": "/",
                    "visible": true
                }
            },
            "values": [
                {
                    "language": "{33fe2d49-2a48-4734-a91f-876d8a20508f}",
                    "value": "Smart."
                }
            ]
        }
    ]
}
