{
    "bindings": [
        {
            "font": "{d40934e4-c4ff-47b3-b817-c1fbcc2fecb6}",
            "language": "{a5edc4b1-f7d4-420d-bc65-d73d935c544d}",
            "string": "{1ed5cff0-7291-44fe-8a88-0c87fa00f97c}"
        },
        {
            "font": "{d5d78b37-4747-4805-aa5a-83a6ae4483c4}",
            "language": "{a5edc4b1-f7d4-420d-bc65-d73d935c544d}",
            "string": "{284d757b-c63d-4ce3-a19f-d16d34b407a3}"
        },
        {
            "font": "{d5d78b37-4747-4805-aa5a-83a6ae4483c4}",
            "language": "{a5edc4b1-f7d4-420d-bc65-d73d935c544d}",
            "string": "{3c574072-84ac-46af-855b-ac2d8d31ba09}"
        },
        {
            "font": "{d40934e4-c4ff-47b3-b817-c1fbcc2fecb6}",
            "language": "{a5edc4b1-f7d4-420d-bc65-d73d935c544d}",
            "string": "{3faf8d38-7dd8-4ff8-a8ec-4f3b10ec2949}"
        },
        {
            "font": "{d40934e4-c4ff-47b3-b817-c1fbcc2fecb6}",
            "language": "{a5edc4b1-f7d4-420d-bc65-d73d935c544d}",
            "string": "{7e42b895-c3e2-4c82-a0ae-2669c00fb6b9}"
        },
        {
            "font": "{d40934e4-c4ff-47b3-b817-c1fbcc2fecb6}",
            "language": "{a5edc4b1-f7d4-420d-bc65-d73d935c544d}",
            "string": "{8c119cd9-9e07-4dfc-b628-81e0e0af5e22}"
        },
        {
            "font": "{d40934e4-c4ff-47b3-b817-c1fbcc2fecb6}",
            "language": "{a5edc4b1-f7d4-420d-bc65-d73d935c544d}",
            "string": "{9a021477-5c6a-4490-883c-859aedc9093d}"
        },
        {
            "font": "{d40934e4-c4ff-47b3-b817-c1fbcc2fecb6}",
            "language": "{a5edc4b1-f7d4-420d-bc65-d73d935c544d}",
            "string": "{f5f3d506-175a-47da-b605-ab0afcce8db2}"
        }
    ],
    "defaultLanguage": "{a5edc4b1-f7d4-420d-bc65-d73d935c544d}",
    "encoding": "ASCII",
    "languages": [
        {
            "properties": {
                "__categories": [
                ],
                "__groups": [
                ],
                "enabled": {
                    "enabled": true,
                    "type": "boolean",
                    "value": true,
                    "visible": true
                },
                "id": {
                    "enabled": true,
                    "type": "uuid",
                    "value": "{a5edc4b1-f7d4-420d-bc65-d73d935c544d}",
                    "visible": true
                },
                "name": {
                    "enabled": true,
                    "type": "text",
                    "value": "default",
                    "visible": true
                }
            }
        }
    ],
    "paths": [
    ],
    "strings": [
        {
            "properties": {
                "__categories": [
                ],
                "__groups": [
                ],
                "description": {
                    "enabled": true,
                    "type": "text",
                    "value": "",
                    "visible": true
                },
                "id": {
                    "enabled": true,
                    "type": "uuid",
                    "value": "{1ed5cff0-7291-44fe-8a88-0c87fa00f97c}",
                    "visible": true
                },
                "name": {
                    "enabled": true,
                    "type": "text",
                    "value": "String_Features",
                    "visible": true
                },
                "path": {
                    "enabled": true,
                    "type": "text",
                    "value": "/",
                    "visible": true
                }
            },
            "values": [
                {
                    "language": "{a5edc4b1-f7d4-420d-bc65-d73d935c544d}",
                    "value": "Widgets: Label, Button, Panel, Image, Image Sequence"
                }
            ]
        },
        {
            "properties": {
                "__categories": [
                ],
                "__groups": [
                ],
                "description": {
                    "enabled": true,
                    "type": "text",
                    "value": "",
                    "visible": true
                },
                "id": {
                    "enabled": true,
                    "type": "uuid",
                    "value": "{284d757b-c63d-4ce3-a19f-d16d34b407a3}",
                    "visible": true
                },
                "name": {
                    "enabled": true,
                    "type": "text",
                    "value": "String_PressHere",
                    "visible": true
                },
                "path": {
                    "enabled": true,
                    "type": "text",
                    "value": "/",
                    "visible": true
                }
            },
            "values": [
                {
                    "language": "{a5edc4b1-f7d4-420d-bc65-d73d935c544d}",
                    "value": "Press Here to Return"
                }
            ]
        },
        {
            "properties": {
                "__categories": [
                ],
                "__groups": [
                ],
                "description": {
                    "enabled": true,
                    "type": "text",
                    "value": "",
                    "visible": true
                },
                "id": {
                    "enabled": true,
                    "type": "uuid",
                    "value": "{3c574072-84ac-46af-855b-ac2d8d31ba09}",
                    "visible": true
                },
                "name": {
                    "enabled": true,
                    "type": "text",
                    "value": "String_Demonstrated",
                    "visible": true
                },
                "path": {
                    "enabled": true,
                    "type": "text",
                    "value": "/",
                    "visible": true
                }
            },
            "values": [
                {
                    "language": "{a5edc4b1-f7d4-420d-bc65-d73d935c544d}",
                    "value": "Demonstrated Features"
                }
            ]
        },
        {
            "properties": {
                "__categories": [
                ],
                "__groups": [
                ],
                "description": {
                    "enabled": true,
                    "type": "text",
                    "value": "",
                    "visible": true
                },
                "id": {
                    "enabled": true,
                    "type": "uuid",
                    "value": "{3faf8d38-7dd8-4ff8-a8ec-4f3b10ec2949}",
                    "visible": true
                },
                "name": {
                    "enabled": true,
                    "type": "text",
                    "value": "String_Resolution",
                    "visible": true
                },
                "path": {
                    "enabled": true,
                    "type": "text",
                    "value": "/",
                    "visible": true
                }
            },
            "values": [
                {
                    "language": "{a5edc4b1-f7d4-420d-bc65-d73d935c544d}",
                    "value": "High-Performance WVGA LCD Display Module with maXTouch® Technology"
                }
            ]
        },
        {
            "properties": {
                "__categories": [
                ],
                "__groups": [
                ],
                "description": {
                    "enabled": true,
                    "type": "text",
                    "value": "",
                    "visible": true
                },
                "id": {
                    "enabled": true,
                    "type": "uuid",
                    "value": "{7e42b895-c3e2-4c82-a0ae-2669c00fb6b9}",
                    "visible": true
                },
                "name": {
                    "enabled": true,
                    "type": "text",
                    "value": "String_ColorDepth",
                    "visible": true
                },
                "path": {
                    "enabled": true,
                    "type": "text",
                    "value": "/",
                    "visible": true
                }
            },
            "values": [
                {
                    "language": "{a5edc4b1-f7d4-420d-bc65-d73d935c544d}",
                    "value": "16-bit RGB565 Color Depth (65536 Colors)"
                }
            ]
        },
        {
            "properties": {
                "__categories": [
                ],
                "__groups": [
                ],
                "description": {
                    "enabled": true,
                    "type": "text",
                    "value": "",
                    "visible": true
                },
                "id": {
                    "enabled": true,
                    "type": "uuid",
                    "value": "{8c119cd9-9e07-4dfc-b628-81e0e0af5e22}",
                    "visible": true
                },
                "name": {
                    "enabled": true,
                    "type": "text",
                    "value": "String_GfxController",
                    "visible": true
                },
                "path": {
                    "enabled": true,
                    "type": "text",
                    "value": "/",
                    "visible": true
                }
            },
            "values": [
                {
                    "language": "{a5edc4b1-f7d4-420d-bc65-d73d935c544d}",
                    "value": "SSD1963 External Graphics Controller"
                }
            ]
        },
        {
            "properties": {
                "__categories": [
                ],
                "__groups": [
                ],
                "description": {
                    "enabled": true,
                    "type": "text",
                    "value": "",
                    "visible": true
                },
                "id": {
                    "enabled": true,
                    "type": "uuid",
                    "value": "{9a021477-5c6a-4490-883c-859aedc9093d}",
                    "visible": true
                },
                "name": {
                    "enabled": true,
                    "type": "text",
                    "value": "String_Library",
                    "visible": true
                },
                "path": {
                    "enabled": true,
                    "type": "text",
                    "value": "/",
                    "visible": true
                }
            },
            "values": [
                {
                    "language": "{a5edc4b1-f7d4-420d-bc65-d73d935c544d}",
                    "value": "Next-Gen High Performance Library"
                }
            ]
        },
        {
            "properties": {
                "__categories": [
                ],
                "__groups": [
                ],
                "description": {
                    "enabled": true,
                    "type": "text",
                    "value": "",
                    "visible": true
                },
                "id": {
                    "enabled": true,
                    "type": "uuid",
                    "value": "{f5f3d506-175a-47da-b605-ab0afcce8db2}",
                    "visible": true
                },
                "name": {
                    "enabled": true,
                    "type": "text",
                    "value": "String_Device",
                    "visible": true
                },
                "path": {
                    "enabled": true,
                    "type": "text",
                    "value": "/",
                    "visible": true
                }
            },
            "values": [
                {
                    "language": "{a5edc4b1-f7d4-420d-bc65-d73d935c544d}",
                    "value": "SAM E70 Xplained Ultra"
                }
            ]
        }
    ]
}
