{
    "active": "{99a77bbe-5ed1-49ef-9889-f112bcdd4eaa}",
    "enabled": [
        "{377119eb-08fa-4767-8a3d-d8c11ffa222f}",
        "{99a77bbe-5ed1-49ef-9889-f112bcdd4eaa}",
        "{b9808bf0-2a6f-4b09-ba50-05e11919ae30}"
    ],
    "primary": "{b9808bf0-2a6f-4b09-ba50-05e11919ae30}",
    "screens": [
        "{b9808bf0-2a6f-4b09-ba50-05e11919ae30}",
        "{99a77bbe-5ed1-49ef-9889-f112bcdd4eaa}",
        "{377119eb-08fa-4767-8a3d-d8c11ffa222f}"
    ],
    "visible": [
        "{377119eb-08fa-4767-8a3d-d8c11ffa222f}",
        "{99a77bbe-5ed1-49ef-9889-f112bcdd4eaa}",
        "{b9808bf0-2a6f-4b09-ba50-05e11919ae30}"
    ]
}
