{
    "images": [
        {
            "id": "{40eeebcc-c9a2-4798-bb54-e2491da8db09}",
            "name": "mchpLogo_small",
            "type": "RGB"
        },
        {
            "id": "{14681eec-0edf-46f6-9b1c-58bb198bfa01}",
            "name": "MHGS_logo_smaller",
            "type": "RGB"
        },
        {
            "id": "{a328aa38-08c7-4545-8329-58f4d91396a4}",
            "name": "QuickstartDown_WQVGA",
            "type": "RGB"
        },
        {
            "id": "{8ae89ca1-bdef-4b5a-b73e-a8f1784eed9a}",
            "name": "QuickstartUp_WQVGA",
            "type": "RGB"
        }
    ],
    "paths": [
    ]
}
