{
    "images": [
        {
            "id": "{c05b7aa5-4498-4a6a-b9fb-5fc09962f2b6}",
            "name": "mchpLogo_small",
            "type": "RGB"
        },
        {
            "id": "{9b5761d9-d60c-4ffa-abef-5cd783baa78d}",
            "name": "MHGS_logo_smaller",
            "type": "RGB"
        },
        {
            "id": "{67a2ce4c-9bff-4beb-909d-28144d5b236a}",
            "name": "QuickstartDown_WQVGA",
            "type": "RGB"
        },
        {
            "id": "{a17f271a-314e-4a6a-a98c-e3fab8f3afd7}",
            "name": "QuickstartUp_WQVGA",
            "type": "RGB"
        }
    ],
    "paths": [
    ]
}
