{
    "active": "{f449aded-bf20-4cbf-95d1-c6d0e82e9ad5}",
    "enabled": [
        "{10625511-a969-4d54-b315-025ef99bfff7}",
        "{9e194721-0b7d-47d6-9628-e527c3cbb659}",
        "{f449aded-bf20-4cbf-95d1-c6d0e82e9ad5}"
    ],
    "primary": "{10625511-a969-4d54-b315-025ef99bfff7}",
    "screens": [
        "{10625511-a969-4d54-b315-025ef99bfff7}",
        "{9e194721-0b7d-47d6-9628-e527c3cbb659}",
        "{f449aded-bf20-4cbf-95d1-c6d0e82e9ad5}"
    ],
    "visible": [
        "{10625511-a969-4d54-b315-025ef99bfff7}",
        "{9e194721-0b7d-47d6-9628-e527c3cbb659}",
        "{f449aded-bf20-4cbf-95d1-c6d0e82e9ad5}"
    ]
}
