{
    "activeLayer": "{d0e0207f-0a36-408c-8d3d-b37aeec16e68}",
    "events": {
        "hideEvent": {
            "enabled": "true",
            "properties": {
                "__categories": [
                ],
                "__groups": [
                ],
                "enabled": {
                    "enabled": true,
                    "type": "boolean",
                    "value": true,
                    "visible": true
                },
                "id": {
                    "enabled": true,
                    "type": "uuid",
                    "value": "{d5744859-949d-4e41-ada7-0b7e2fac8a9c}",
                    "visible": true
                }
            }
        },
        "showEvent": {
            "enabled": "true",
            "properties": {
                "__categories": [
                ],
                "__groups": [
                ],
                "enabled": {
                    "enabled": true,
                    "type": "boolean",
                    "value": true,
                    "visible": true
                },
                "id": {
                    "enabled": true,
                    "type": "uuid",
                    "value": "{338319c2-3c89-45f7-b02e-a14f3cdd4124}",
                    "visible": true
                }
            }
        },
        "updateEvent": {
            "enabled": "true",
            "properties": {
                "__categories": [
                ],
                "__groups": [
                ],
                "enabled": {
                    "enabled": true,
                    "type": "boolean",
                    "value": true,
                    "visible": true
                },
                "id": {
                    "enabled": true,
                    "type": "uuid",
                    "value": "{a9c2208b-da59-40d3-9f39-3de107f644fd}",
                    "visible": true
                }
            }
        }
    },
    "layers": [
        {
            "children": [
                {
                    "properties": {
                        "__categories": [
                            {
                                "expanded": true,
                                "id": "widget",
                                "visible": true
                            }
                        ],
                        "__groups": [
                            {
                                "expanded": false,
                                "id": "position",
                                "visible": true
                            },
                            {
                                "expanded": false,
                                "id": "size",
                                "visible": true
                            },
                            {
                                "expanded": false,
                                "id": "alignment",
                                "visible": true
                            },
                            {
                                "expanded": false,
                                "id": "margins",
                                "visible": true
                            }
                        ],
                        "alphaEnable": {
                            "enabled": true,
                            "type": "boolean",
                            "value": false,
                            "visible": true
                        },
                        "alphaLevel": {
                            "enabled": true,
                            "type": "integer",
                            "value": 255,
                            "visible": true
                        },
                        "background": {
                            "enabled": true,
                            "type": "combo",
                            "value": 1,
                            "visible": true
                        },
                        "border": {
                            "enabled": true,
                            "type": "combo",
                            "value": 0,
                            "visible": true
                        },
                        "editorExpanded": {
                            "enabled": true,
                            "type": "boolean",
                            "value": true,
                            "visible": false
                        },
                        "enabled": {
                            "enabled": true,
                            "type": "boolean",
                            "value": true,
                            "visible": true
                        },
                        "halign": {
                            "enabled": true,
                            "type": "combo",
                            "value": 1,
                            "visible": true
                        },
                        "height": {
                            "enabled": true,
                            "type": "integer",
                            "value": 480,
                            "visible": true
                        },
                        "id": {
                            "enabled": true,
                            "type": "uuid",
                            "value": "{3317a6ba-03d3-4fd4-a5f6-74939c3541ae}",
                            "visible": true
                        },
                        "marginBottom": {
                            "enabled": true,
                            "type": "integer",
                            "value": 4,
                            "visible": true
                        },
                        "marginLeft": {
                            "enabled": true,
                            "type": "integer",
                            "value": 4,
                            "visible": true
                        },
                        "marginRight": {
                            "enabled": true,
                            "type": "integer",
                            "value": 4,
                            "visible": true
                        },
                        "marginTop": {
                            "enabled": true,
                            "type": "integer",
                            "value": 4,
                            "visible": true
                        },
                        "name": {
                            "enabled": true,
                            "type": "text",
                            "value": "SplashBackground",
                            "visible": true
                        },
                        "scheme": {
                            "enabled": true,
                            "type": "scheme",
                            "value": "{af17f972-0a1c-4bb1-9e57-c3a094a7879a}",
                            "visible": true
                        },
                        "valign": {
                            "enabled": true,
                            "type": "combo",
                            "value": 1,
                            "visible": true
                        },
                        "visible": {
                            "enabled": true,
                            "type": "boolean",
                            "value": true,
                            "visible": true
                        },
                        "width": {
                            "enabled": true,
                            "type": "integer",
                            "value": 800,
                            "visible": true
                        },
                        "x": {
                            "enabled": true,
                            "type": "integer",
                            "value": 0,
                            "visible": true
                        },
                        "y": {
                            "enabled": true,
                            "type": "integer",
                            "value": 0,
                            "visible": true
                        }
                    },
                    "type": "PanelWidget"
                },
                {
                    "properties": {
                        "__categories": [
                            {
                                "expanded": true,
                                "id": "widget",
                                "visible": true
                            },
                            {
                                "expanded": true,
                                "id": "image",
                                "visible": true
                            }
                        ],
                        "__groups": [
                            {
                                "expanded": false,
                                "id": "position",
                                "visible": true
                            },
                            {
                                "expanded": false,
                                "id": "size",
                                "visible": true
                            },
                            {
                                "expanded": false,
                                "id": "alignment",
                                "visible": true
                            },
                            {
                                "expanded": false,
                                "id": "margins",
                                "visible": true
                            }
                        ],
                        "alphaEnable": {
                            "enabled": true,
                            "type": "boolean",
                            "value": false,
                            "visible": true
                        },
                        "alphaLevel": {
                            "enabled": true,
                            "type": "integer",
                            "value": 255,
                            "visible": true
                        },
                        "background": {
                            "enabled": true,
                            "type": "combo",
                            "value": 0,
                            "visible": true
                        },
                        "border": {
                            "enabled": true,
                            "type": "combo",
                            "value": 0,
                            "visible": true
                        },
                        "editorExpanded": {
                            "enabled": true,
                            "type": "boolean",
                            "value": true,
                            "visible": false
                        },
                        "enabled": {
                            "enabled": true,
                            "type": "boolean",
                            "value": true,
                            "visible": true
                        },
                        "halign": {
                            "enabled": true,
                            "type": "combo",
                            "value": 1,
                            "visible": true
                        },
                        "height": {
                            "enabled": true,
                            "type": "integer",
                            "value": 139,
                            "visible": true
                        },
                        "id": {
                            "enabled": true,
                            "type": "uuid",
                            "value": "{d455ccba-51a0-459d-baeb-372a30794661}",
                            "visible": true
                        },
                        "image": {
                            "enabled": true,
                            "type": "image",
                            "value": "{38188279-d8db-49d6-b69a-39743f23a31b}",
                            "visible": true
                        },
                        "marginBottom": {
                            "enabled": true,
                            "type": "integer",
                            "value": 4,
                            "visible": true
                        },
                        "marginLeft": {
                            "enabled": true,
                            "type": "integer",
                            "value": 4,
                            "visible": true
                        },
                        "marginRight": {
                            "enabled": true,
                            "type": "integer",
                            "value": 4,
                            "visible": true
                        },
                        "marginTop": {
                            "enabled": true,
                            "type": "integer",
                            "value": 4,
                            "visible": true
                        },
                        "name": {
                            "enabled": true,
                            "type": "text",
                            "value": "SplashPIC32Logo",
                            "visible": true
                        },
                        "scheme": {
                            "enabled": true,
                            "type": "scheme",
                            "value": "{00000000-0000-0000-0000-000000000000}",
                            "visible": true
                        },
                        "valign": {
                            "enabled": true,
                            "type": "combo",
                            "value": 1,
                            "visible": true
                        },
                        "visible": {
                            "enabled": true,
                            "type": "boolean",
                            "value": true,
                            "visible": true
                        },
                        "width": {
                            "enabled": true,
                            "type": "integer",
                            "value": 240,
                            "visible": true
                        },
                        "x": {
                            "enabled": true,
                            "type": "integer",
                            "value": 280,
                            "visible": true
                        },
                        "y": {
                            "enabled": true,
                            "type": "integer",
                            "value": 160,
                            "visible": true
                        }
                    },
                    "type": "ImageWidget"
                },
                {
                    "properties": {
                        "__categories": [
                            {
                                "expanded": true,
                                "id": "widget",
                                "visible": true
                            },
                            {
                                "expanded": true,
                                "id": "image",
                                "visible": true
                            }
                        ],
                        "__groups": [
                            {
                                "expanded": false,
                                "id": "position",
                                "visible": true
                            },
                            {
                                "expanded": false,
                                "id": "size",
                                "visible": true
                            },
                            {
                                "expanded": false,
                                "id": "alignment",
                                "visible": true
                            },
                            {
                                "expanded": false,
                                "id": "margins",
                                "visible": true
                            }
                        ],
                        "alphaEnable": {
                            "enabled": true,
                            "type": "boolean",
                            "value": false,
                            "visible": true
                        },
                        "alphaLevel": {
                            "enabled": true,
                            "type": "integer",
                            "value": 255,
                            "visible": true
                        },
                        "background": {
                            "enabled": true,
                            "type": "combo",
                            "value": 1,
                            "visible": true
                        },
                        "border": {
                            "enabled": true,
                            "type": "combo",
                            "value": 0,
                            "visible": true
                        },
                        "editorExpanded": {
                            "enabled": true,
                            "type": "boolean",
                            "value": true,
                            "visible": false
                        },
                        "enabled": {
                            "enabled": true,
                            "type": "boolean",
                            "value": true,
                            "visible": true
                        },
                        "halign": {
                            "enabled": true,
                            "type": "combo",
                            "value": 1,
                            "visible": true
                        },
                        "height": {
                            "enabled": true,
                            "type": "integer",
                            "value": 139,
                            "visible": true
                        },
                        "id": {
                            "enabled": true,
                            "type": "uuid",
                            "value": "{881e3269-3ac2-4808-8075-d9b375bc6d8c}",
                            "visible": true
                        },
                        "image": {
                            "enabled": true,
                            "type": "image",
                            "value": "{5718fb8a-107f-4bda-8bbb-84c34c578fcc}",
                            "visible": true
                        },
                        "marginBottom": {
                            "enabled": true,
                            "type": "integer",
                            "value": 4,
                            "visible": true
                        },
                        "marginLeft": {
                            "enabled": true,
                            "type": "integer",
                            "value": 4,
                            "visible": true
                        },
                        "marginRight": {
                            "enabled": true,
                            "type": "integer",
                            "value": 4,
                            "visible": true
                        },
                        "marginTop": {
                            "enabled": true,
                            "type": "integer",
                            "value": 4,
                            "visible": true
                        },
                        "name": {
                            "enabled": true,
                            "type": "text",
                            "value": "SplashHarmonyLogo",
                            "visible": true
                        },
                        "scheme": {
                            "enabled": true,
                            "type": "scheme",
                            "value": "{5b1f569a-eef4-4309-9954-5d3dd3e588f2}",
                            "visible": true
                        },
                        "valign": {
                            "enabled": true,
                            "type": "combo",
                            "value": 1,
                            "visible": true
                        },
                        "visible": {
                            "enabled": true,
                            "type": "boolean",
                            "value": false,
                            "visible": true
                        },
                        "width": {
                            "enabled": true,
                            "type": "integer",
                            "value": 240,
                            "visible": true
                        },
                        "x": {
                            "enabled": true,
                            "type": "integer",
                            "value": 280,
                            "visible": true
                        },
                        "y": {
                            "enabled": true,
                            "type": "integer",
                            "value": 160,
                            "visible": true
                        }
                    },
                    "type": "ImageWidget"
                },
                {
                    "children": [
                        {
                            "properties": {
                                "__categories": [
                                    {
                                        "expanded": true,
                                        "id": "widget",
                                        "visible": true
                                    },
                                    {
                                        "expanded": true,
                                        "id": "image",
                                        "visible": true
                                    }
                                ],
                                "__groups": [
                                    {
                                        "expanded": false,
                                        "id": "position",
                                        "visible": true
                                    },
                                    {
                                        "expanded": false,
                                        "id": "size",
                                        "visible": true
                                    },
                                    {
                                        "expanded": false,
                                        "id": "alignment",
                                        "visible": true
                                    },
                                    {
                                        "expanded": false,
                                        "id": "margins",
                                        "visible": true
                                    }
                                ],
                                "alphaEnable": {
                                    "enabled": true,
                                    "type": "boolean",
                                    "value": false,
                                    "visible": true
                                },
                                "alphaLevel": {
                                    "enabled": true,
                                    "type": "integer",
                                    "value": 255,
                                    "visible": true
                                },
                                "background": {
                                    "enabled": true,
                                    "type": "combo",
                                    "value": 0,
                                    "visible": true
                                },
                                "border": {
                                    "enabled": true,
                                    "type": "combo",
                                    "value": 0,
                                    "visible": true
                                },
                                "editorExpanded": {
                                    "enabled": true,
                                    "type": "boolean",
                                    "value": true,
                                    "visible": false
                                },
                                "enabled": {
                                    "enabled": true,
                                    "type": "boolean",
                                    "value": true,
                                    "visible": true
                                },
                                "halign": {
                                    "enabled": true,
                                    "type": "combo",
                                    "value": 1,
                                    "visible": true
                                },
                                "height": {
                                    "enabled": true,
                                    "type": "integer",
                                    "value": 65,
                                    "visible": true
                                },
                                "id": {
                                    "enabled": true,
                                    "type": "uuid",
                                    "value": "{0c2f7546-3505-458f-9368-783a5b53ecd8}",
                                    "visible": true
                                },
                                "image": {
                                    "enabled": true,
                                    "type": "image",
                                    "value": "{44ee4f5f-1df7-44c7-a938-103f9ef23d1b}",
                                    "visible": true
                                },
                                "marginBottom": {
                                    "enabled": true,
                                    "type": "integer",
                                    "value": 4,
                                    "visible": true
                                },
                                "marginLeft": {
                                    "enabled": true,
                                    "type": "integer",
                                    "value": 4,
                                    "visible": true
                                },
                                "marginRight": {
                                    "enabled": true,
                                    "type": "integer",
                                    "value": 4,
                                    "visible": true
                                },
                                "marginTop": {
                                    "enabled": true,
                                    "type": "integer",
                                    "value": 4,
                                    "visible": true
                                },
                                "name": {
                                    "enabled": true,
                                    "type": "text",
                                    "value": "ImageWidget2",
                                    "visible": true
                                },
                                "scheme": {
                                    "enabled": true,
                                    "type": "scheme",
                                    "value": "{00000000-0000-0000-0000-000000000000}",
                                    "visible": true
                                },
                                "valign": {
                                    "enabled": true,
                                    "type": "combo",
                                    "value": 1,
                                    "visible": true
                                },
                                "visible": {
                                    "enabled": true,
                                    "type": "boolean",
                                    "value": true,
                                    "visible": true
                                },
                                "width": {
                                    "enabled": true,
                                    "type": "integer",
                                    "value": 480,
                                    "visible": true
                                },
                                "x": {
                                    "enabled": true,
                                    "type": "integer",
                                    "value": 0,
                                    "visible": true
                                },
                                "y": {
                                    "enabled": true,
                                    "type": "integer",
                                    "value": 0,
                                    "visible": true
                                }
                            },
                            "type": "ImageWidget"
                        }
                    ],
                    "properties": {
                        "__categories": [
                            {
                                "expanded": true,
                                "id": "widget",
                                "visible": true
                            },
                            {
                                "expanded": true,
                                "id": "image",
                                "visible": true
                            }
                        ],
                        "__groups": [
                            {
                                "expanded": false,
                                "id": "position",
                                "visible": true
                            },
                            {
                                "expanded": false,
                                "id": "size",
                                "visible": true
                            },
                            {
                                "expanded": false,
                                "id": "alignment",
                                "visible": true
                            },
                            {
                                "expanded": false,
                                "id": "margins",
                                "visible": true
                            }
                        ],
                        "alphaEnable": {
                            "enabled": true,
                            "type": "boolean",
                            "value": false,
                            "visible": true
                        },
                        "alphaLevel": {
                            "enabled": true,
                            "type": "integer",
                            "value": 255,
                            "visible": true
                        },
                        "background": {
                            "enabled": true,
                            "type": "combo",
                            "value": 0,
                            "visible": true
                        },
                        "border": {
                            "enabled": true,
                            "type": "combo",
                            "value": 0,
                            "visible": true
                        },
                        "editorExpanded": {
                            "enabled": true,
                            "type": "boolean",
                            "value": true,
                            "visible": false
                        },
                        "enabled": {
                            "enabled": true,
                            "type": "boolean",
                            "value": true,
                            "visible": true
                        },
                        "halign": {
                            "enabled": true,
                            "type": "combo",
                            "value": 2,
                            "visible": true
                        },
                        "height": {
                            "enabled": true,
                            "type": "integer",
                            "value": 65,
                            "visible": true
                        },
                        "id": {
                            "enabled": true,
                            "type": "uuid",
                            "value": "{e1db2fb1-10cd-4352-a900-88aa58d76e7a}",
                            "visible": true
                        },
                        "image": {
                            "enabled": true,
                            "type": "image",
                            "value": "{44ee4f5f-1df7-44c7-a938-103f9ef23d1b}",
                            "visible": true
                        },
                        "marginBottom": {
                            "enabled": true,
                            "type": "integer",
                            "value": 4,
                            "visible": true
                        },
                        "marginLeft": {
                            "enabled": true,
                            "type": "integer",
                            "value": 4,
                            "visible": true
                        },
                        "marginRight": {
                            "enabled": true,
                            "type": "integer",
                            "value": 4,
                            "visible": true
                        },
                        "marginTop": {
                            "enabled": true,
                            "type": "integer",
                            "value": 4,
                            "visible": true
                        },
                        "name": {
                            "enabled": true,
                            "type": "text",
                            "value": "SplashBar",
                            "visible": true
                        },
                        "scheme": {
                            "enabled": true,
                            "type": "scheme",
                            "value": "{00000000-0000-0000-0000-000000000000}",
                            "visible": true
                        },
                        "valign": {
                            "enabled": true,
                            "type": "combo",
                            "value": 1,
                            "visible": true
                        },
                        "visible": {
                            "enabled": true,
                            "type": "boolean",
                            "value": true,
                            "visible": true
                        },
                        "width": {
                            "enabled": true,
                            "type": "integer",
                            "value": 800,
                            "visible": true
                        },
                        "x": {
                            "enabled": true,
                            "type": "integer",
                            "value": 0,
                            "visible": true
                        },
                        "y": {
                            "enabled": true,
                            "type": "integer",
                            "value": 415,
                            "visible": true
                        }
                    },
                    "type": "ImageWidget"
                },
                {
                    "properties": {
                        "__categories": [
                            {
                                "expanded": true,
                                "id": "widget",
                                "visible": true
                            },
                            {
                                "expanded": true,
                                "id": "image",
                                "visible": true
                            }
                        ],
                        "__groups": [
                            {
                                "expanded": false,
                                "id": "position",
                                "visible": true
                            },
                            {
                                "expanded": false,
                                "id": "size",
                                "visible": true
                            },
                            {
                                "expanded": false,
                                "id": "alignment",
                                "visible": true
                            },
                            {
                                "expanded": false,
                                "id": "margins",
                                "visible": true
                            }
                        ],
                        "alphaEnable": {
                            "enabled": true,
                            "type": "boolean",
                            "value": false,
                            "visible": true
                        },
                        "alphaLevel": {
                            "enabled": true,
                            "type": "integer",
                            "value": 255,
                            "visible": true
                        },
                        "background": {
                            "enabled": true,
                            "type": "combo",
                            "value": 0,
                            "visible": true
                        },
                        "border": {
                            "enabled": true,
                            "type": "combo",
                            "value": 0,
                            "visible": true
                        },
                        "editorExpanded": {
                            "enabled": true,
                            "type": "boolean",
                            "value": true,
                            "visible": false
                        },
                        "enabled": {
                            "enabled": true,
                            "type": "boolean",
                            "value": true,
                            "visible": true
                        },
                        "halign": {
                            "enabled": true,
                            "type": "combo",
                            "value": 1,
                            "visible": true
                        },
                        "height": {
                            "enabled": true,
                            "type": "integer",
                            "value": 39,
                            "visible": true
                        },
                        "id": {
                            "enabled": true,
                            "type": "uuid",
                            "value": "{5cbed420-02f3-499f-92d9-277132fc5846}",
                            "visible": true
                        },
                        "image": {
                            "enabled": true,
                            "type": "image",
                            "value": "{a0e2b744-58fa-4804-9325-7170f20515d3}",
                            "visible": true
                        },
                        "marginBottom": {
                            "enabled": true,
                            "type": "integer",
                            "value": 4,
                            "visible": true
                        },
                        "marginLeft": {
                            "enabled": true,
                            "type": "integer",
                            "value": 4,
                            "visible": true
                        },
                        "marginRight": {
                            "enabled": true,
                            "type": "integer",
                            "value": 4,
                            "visible": true
                        },
                        "marginTop": {
                            "enabled": true,
                            "type": "integer",
                            "value": 4,
                            "visible": true
                        },
                        "name": {
                            "enabled": true,
                            "type": "text",
                            "value": "SplashMicrochipLogo",
                            "visible": true
                        },
                        "scheme": {
                            "enabled": true,
                            "type": "scheme",
                            "value": "{00000000-0000-0000-0000-000000000000}",
                            "visible": true
                        },
                        "valign": {
                            "enabled": true,
                            "type": "combo",
                            "value": 1,
                            "visible": true
                        },
                        "visible": {
                            "enabled": true,
                            "type": "boolean",
                            "value": false,
                            "visible": true
                        },
                        "width": {
                            "enabled": true,
                            "type": "integer",
                            "value": 144,
                            "visible": true
                        },
                        "x": {
                            "enabled": true,
                            "type": "integer",
                            "value": 17,
                            "visible": true
                        },
                        "y": {
                            "enabled": true,
                            "type": "integer",
                            "value": 430,
                            "visible": true
                        }
                    },
                    "type": "ImageWidget"
                }
            ],
            "properties": {
                "__categories": [
                    {
                        "expanded": true,
                        "id": "layer",
                        "visible": true
                    }
                ],
                "__groups": [
                    {
                        "expanded": false,
                        "id": "position",
                        "visible": false
                    },
                    {
                        "expanded": false,
                        "id": "size",
                        "visible": false
                    }
                ],
                "colorMode": {
                    "enabled": true,
                    "type": "combo",
                    "value": 3,
                    "visible": true
                },
                "editorExpanded": {
                    "enabled": true,
                    "type": "boolean",
                    "value": true,
                    "visible": false
                },
                "height": {
                    "enabled": true,
                    "type": "integer",
                    "value": 480,
                    "visible": true
                },
                "id": {
                    "enabled": true,
                    "type": "uuid",
                    "value": "{d0e0207f-0a36-408c-8d3d-b37aeec16e68}",
                    "visible": true
                },
                "name": {
                    "enabled": true,
                    "type": "text",
                    "value": "Layer0",
                    "visible": true
                },
                "renderMode": {
                    "enabled": true,
                    "type": "combo",
                    "value": 1,
                    "visible": true
                },
                "sizeLocked": {
                    "enabled": true,
                    "type": "boolean",
                    "value": true,
                    "visible": true
                },
                "width": {
                    "enabled": true,
                    "type": "integer",
                    "value": 800,
                    "visible": true
                },
                "x": {
                    "enabled": true,
                    "type": "integer",
                    "value": 0,
                    "visible": true
                },
                "y": {
                    "enabled": true,
                    "type": "integer",
                    "value": 0,
                    "visible": true
                }
            }
        }
    ],
    "properties": {
        "__categories": [
            {
                "expanded": true,
                "id": "screen",
                "visible": true
            },
            {
                "expanded": true,
                "id": "event",
                "visible": true
            }
        ],
        "__groups": [
        ],
        "createAtStartup": {
            "enabled": true,
            "type": "boolean",
            "value": false,
            "visible": false
        },
        "enabled": {
            "enabled": true,
            "type": "boolean",
            "value": true,
            "visible": true
        },
        "id": {
            "enabled": true,
            "type": "uuid",
            "value": "{10625511-a969-4d54-b315-025ef99bfff7}",
            "visible": true
        },
        "name": {
            "enabled": true,
            "type": "text",
            "value": "Screen0",
            "visible": true
        },
        "persistent": {
            "enabled": true,
            "type": "boolean",
            "value": false,
            "visible": true
        }
    }
}
