{
    "systemLocations": [
        {
            "properties": {
                "__categories": [
                    {
                        "expanded": true,
                        "id": "System Location Properties",
                        "visible": true
                    }
                ],
                "__groups": [
                ],
                "capacity": {
                    "enabled": true,
                    "type": "integer",
                    "value": 0,
                    "visible": true
                },
                "id": {
                    "enabled": true,
                    "type": "uuid",
                    "value": "{f63137c7-221c-44af-aa89-7a9e756ca46b}",
                    "visible": true
                },
                "name": {
                    "enabled": true,
                    "type": "text",
                    "value": "Internal Flash",
                    "visible": true
                }
            }
        },
        {
            "properties": {
                "__categories": [
                    {
                        "expanded": true,
                        "id": "System Location Properties",
                        "visible": true
                    }
                ],
                "__groups": [
                ],
                "capacity": {
                    "enabled": true,
                    "type": "integer",
                    "value": 0,
                    "visible": true
                },
                "id": {
                    "enabled": true,
                    "type": "uuid",
                    "value": "{1e00d121-ab77-4e67-af2f-9f7f06170427}",
                    "visible": true
                },
                "name": {
                    "enabled": true,
                    "type": "text",
                    "value": "Internal SRAM",
                    "visible": true
                }
            }
        }
    ],
    "userLocations": [
    ]
}
